-- phpMyAdmin SQL Dump
-- version 5.0.2
-- https://www.phpmyadmin.net/
--
-- Host: localhost
-- Generation Time: Dec 04, 2020 at 05:02 PM
-- Server version: 10.4.13-MariaDB
-- PHP Version: 7.2.32

SET SQL_MODE = "NO_AUTO_VALUE_ON_ZERO";
START TRANSACTION;
SET time_zone = "+00:00";


/*!40101 SET @OLD_CHARACTER_SET_CLIENT=@@CHARACTER_SET_CLIENT */;
/*!40101 SET @OLD_CHARACTER_SET_RESULTS=@@CHARACTER_SET_RESULTS */;
/*!40101 SET @OLD_COLLATION_CONNECTION=@@COLLATION_CONNECTION */;
/*!40101 SET NAMES utf8mb4 */;

--
-- Database: `VirtualMarket`
--

-- --------------------------------------------------------

--
-- Table structure for table `image`
--

CREATE TABLE `image` (
  `img_id` int(10) NOT NULL,
  `img` longblob NOT NULL,
  `sid` int(10) NOT NULL
) ENGINE=InnoDB DEFAULT CHARSET=utf8mb4;

--
-- Dumping data for table `image`
--

INSERT INTO `image` (`img_id`, `img`, `sid`) VALUES
(1, 0xffd8ffe000104a46494600010100000100010000ffdb00840009060713131215121213151515151515151515171515151515151515161615151515181d2820181a251d151521312125292b2e2e2e171f3338332d37282d2e2b010a0a0a0e0d0e1a10101b2d1d1f252b2d2d2d2d2d2d2d2d2d2d2d2d2d2d2d2d2d2d2d2d2d2d2d2d2d2d2d2d2d2d2d2d2d2d2d2d2d2d2d2d2d2d2d2d2d2d2d2d2dffc000110800c2010303012200021101031101ffc4001b00000105010100000000000000000000000400020305060107ffc40035100001030303030203080104030000000001000211030421053151124191618113227106143242a1b1c1d1f0526282e12363a2ffc4001a010003010101010000000000000000000002030405010006ffc4002b110002030001030400040700000000000000010203112104123113224151146171b105233281c1f0f1ffda000c03010002110311003f00f1705765342eaa0560e0e3c95dca6353da51260b3a09e53813c94d4e051a058e04faa7126373e536574b910230b8f27ca6751e4f929e4a6d40952636286f59e4f929759e4f92b90bb093263944ef51e4f929ec24f73e4a6b548d293263e31246831b9f2b90793e4a7b72a6a6cf292e783d4341487727c95c01dc9f251669a7b2821769df4815ac7727c94fe83c9f2558b2dd71d492bd61d1a4ac20f27c949a0f727c9479a1299f0577d518a92263491b9f2a3a8d23b9f28a7b20280b8aec65a7655e1019e4f951d494535b29ae6262909956026792bb0510ea490623ee12ea0782b8882d51b9a89301c08ca692a52d51bd1262dc7064a4b892200780939742774aa734946029cd5ce94f2d5e471882726291a11a60b1ce18512245390a17320aec8f448d49d384e653953329a4c98f8a206314a284a32950f4530a31d94d39e15d702bfee853996c55ad3a6886db1e1473b5a2b854995b46d91956da0c0e06518cb7f445d0b29cfeea39dc570a4a775b2eb28ad0fdc3130847da19c04af5f781ea82bc504beef2af2c6c3aa43846f1da4f014c2c9a0910703bc6e81df8315266df42370994ed64c85717d6bbe3d10345dd383b2646c6d7077d34995f5d99423e9ab47d3ee877b151098b9d7a08d6c67fc2b860eca67519517c384d4c4b8b442f628dcc4586a85dc238c854a00ee4c214b51464a7264f288c210f5112132ad34c4c9e71d40c92774a48c4633a9ed72e96c26f4aab1a24dd24895d0131a53c391ac019c1088a207742909ee7e1734f6685b0261a3270996f554e1f9faae4a4321108b7b5c654c690c4246a6001dd4f6cc534e6575c07dad1f4459b5563a759828ea765261416585d5d654d0b1cecac2958f215bd3b2ecac6d2c7959b75f85b5c52296969df2c6273f553dbd8c62168e9e9be889a768ddba9beee1fdacdb2f6de21ea71899f658ce2176f3486e08da27d495acb7d209c813f420fec9b77a6be3f098fa25394d72d35fd8eaea20de2660ae69f24cccf7c470a57539683dffe95f5e699398ca128d810708e366a29ef4ca275a974cf123d5555c59c765adbda7da3fed56d5a529b0b5a0e38ccd5560421a70b457164370aa6eadc856576a672502bfa60ca8aa37ab74639aa32c54a90994009d4f085a802b1a8abeab4a7d6c96c8e02d4726b0a55189a0aa978227e47b9bc2e1d92ea5c95d404b01c8494c1a9266937611b9702739a9aaf6662104e94d85d85e478eca99b465a4f84a8d3939473a9f440dc15dc3c9954dc47aa94394f7b681ac6b87d10d4d225c144116549f80ad74f64aaab5a64abdb1a454374f83469869a1d3440db2ae6cad9576974b695a27d4651a6eab50c35a24ff000ee4ed0b26eb7e11776e12914e930bea3835adddc70162b5ffb7ee6cb2d1807feca833f56b3fbf0a9f5dd65f74fea76180fc94e70d1c9e5c79f081c3726081cf3e8b90a23bb35afe83ec79e425baa5c5705d70f79036c900ffc063c2a7fbd3838c3604c8119f74cbdd4dce76d8ce0ff005d913a6c3c92fe931113009fed56abec4e4d71f40ab35f6c596fa6ea151c7a99f211ddb2c2638e95befb39f6bee0402e7546ff00a6ac13ecfdfccac1fc60c680c683cab1d1ab38e620cedda390547294a3ee8f08a2508cd64969ec3677b42e711d15232d313f569d9c1077ba396991907b8fe564ecaa1306723208dc1ed95bcd0f50f8a3a1ff008c0f678e7eab92aaaea38fe997daf9fd4cf9c6ca398bd5f467abd84f655973a7c6cb7771a7f1b2adbcd3bbac7b633aa4e32f28a69eaf4c1dfdb46db7f2a96e2dd6cb51b322567eead4a3a6d356b9a68cb5d5384ce8c2b4bbb625573c4616a427dc8f3881576c2aba855cdcb70aa2b35594b23bd0338288b1145a9a55519114a2811e136512fa6a0784e8b25b238742ea675248b05e877c00e4256b7215a319c2755a12d24ec02d671d30f70a60c4f0c52dbd3930adad2c87d57144f3654d3b72ad2dede5b9ec956635aee99566183e113c349fae10b41c59577144556f48dbf29e0aa8345cc30e1047f9ba905d11f8719952b6e9c4381fcca5996d4116350ad369ecd967f4da6242d769d4b61c2caea59afd32341a45acc159bfb77aa17d4f800ffe3a47e68d9cfef3f4dbdcad752ac29517d43f91a5dee060795e47a9dd12fdf7c93c9392567d10efb37e8a9bce4e7c7823b72654173aa1380040efca8ebed27d0040fc45a70ae2f927b2d6b8dc1d52a4e4f746e9d4fa9c06639ff3ba8eddc3a72d040324ced3b7ec55dd806c4b71e8b9759db1cc394d3afb9b2d6c6d430c9c83e615bdbd56ced8f4fdd545b38efecac6d1d91ebbac6b5b3463134560208f55aad21b904608c82b2d60dec0e3b2d5693bca925635e00be3ed3654807367941dcd0dd1362ec42edd05a3d54237f4aae7e579ff007f53e7a2dc67864750b65437965df65b7bca43859fbfa4be79271786d74b73661b506760a8aa53cc15afbfa1bacbdfb082b4fa69fc1afba812f2d47e5d80df954572ceeaf082ed89f755d756f0b4a99670c9ef8ea2ac05252a53ba9613291cfa2af485c708abd38405412ad6ab2775054b68d93eb97d93dd0df0564248a34924fee23f4cb8a0cc2edfd501bd03b84533d2103716ee065c31d8fd56d3f0610151a25a270ae34dabda37c20afa8c31a7d54960f9983063cfbae2e0e32bf536f4d476720a2a96b10c0d232a2d4edc1f986f927f9855a041ca4c960d88ea865c48100f653526149b05494b054d34575b2c6c5842d968ad98594b372d5e92f88597d4c7835ba7916ff694c59bc0ee583d8bc4fecbc9ef30e5eb1af66d9de8587ffa03f95e55a88ffc863d71eaa3e9389345537ec077d5004100a85ac6f71bfe887a8f32952a8568a862e093d54de308b9a51f45654ab743474e78f555544170e94fe82d23e6f64128ef0c74278fb92f269ad9c481ebd95d58be7b8c1595a772f2d01a33bcae8ab51aec3bd0f49c1c9327b2cfb2872f9c3461348f54d29c1c371edb7d169b4c7f0bcd7ec65c3a089d8c9fee57a1691506095956c3b5b8fd037c7dacd7d81cfb22eb9c282c44c29af3f0ad1e95b8741637f9fec8f9c9f3615b58eea87527856d795202ce6a3542f9852d35fa3af5945a855dd66752782af7527e0aca5ed5395abd2437937312440facabae6a2943935f6fd59d872b5e0945f24d3d92e01095db666653aad003694d6f09ebc704725cf2495e33082358847369f6285ad42374eaf09ec4fc9074ca4a501755024b4b432ad5b49ae1d272155d9b72ac195a0e57d0247cbc8aad5ed8b6278f642d1a2ee996cccfd67d169af18d7d32d9fa2a6b6a4f61ff006ec7fb4325c9e4f82baac9dc212adbfa795a3bdacd81f2c9e7fb5036a31d01e12e510e2ca4a2d44fc1ee8ebbb168f998416fea3eaa1670a79c4a61208b5ecb47a654d9505bd356f621675f0e0d2e9e66ac33e2527b3bb9a40faf6fd617976a944f5671d97a469cf20acd7db5d37a6a7581f2bfe61e8efccdfe7dd6547d961a517ab0f3db96414d605635e9070eaeff00d7a20ba169c67a88675b52d27b5dd583d8d90636199e5575171ec116da6e20b8c7984ab173a5553e091d59d90013f4e3e88ed2da0f4c93d427e433b67dd54d2b820e37cab4b2b6a8186a37f16e33260703dca4dab239e0aa99ecb7c9a8d21ce6fe11b91204623fd5cff0b696550e092b07f65ad5e49719da7339eeb6ba730981127607924e2163db0fe634b92cb26bb4f47d02b75327881eea7d4eb4084b4bb5f8549ad3b812e3fee3bff5eca9f56b9992137f88d9f86e8e34af32fdbcbff08f9b8415b7b71f00d75740c82b3b7549c498525e5ca08df63072be7ea8fd9f45d3d2e0b5149aad421646feaeeb577cc2e9313fe7654ceb1ff5085b5d2b514553d6b115fa550305c476c7eb2bb718c0e117db68086ae2255c9f74b4535db1c027d78dd0e6a0253ee44a1e9b0ce15718ac21b1bdc0973bba1ab19441a6632a2e84d809b08434a4890d493744f6835a6a04775686ec1d96569be11f4abadc8cf4f99940bb65d222d6f84acfbaa22acca25205c4d4d2652a91233bf0a6bdd003b34fb8d8f6fa7eaaa2daa442d1e9d78d03e63844fc0096332952c9cdc107bcfb28051cadfd7a54dff8848320387ac08f5dd50ea9a37c37c372d8ea13d87aa9e48a605650661595a6508c642bcd068537751767a7dbdf0a3b63c165522c2d6810637ef8e15a5de98caf41cc74c1ee376bbb39bea15713d04381f6faabdd36e0bb060fe8b22eaf4d08cd9e2df6834a7d0a9f0ea0f56bbb38723faecaa9ad8395ee9a9e8cdaec736a3411260771ead2362bcf353fb0f55a49a40d560ec00151be85bb3bdbc21afa84bdb3e076a973f2642a113f2ecb81ceda708cb8d31ed3d25ae046e0823f43908bb5d19ee198039ee9ced825ad8c5549b2a18ce4cfa4cad3688d200e9dbdd4347480c23a87599e62073056a344d06e2b96fc2a6ee91f988e960ff91dfd94b7dbea2ed8f23ebca96cb809a12d007217a4fd8fd10b40ad5443a3e469dda0fe623b1e07650fd9ff00b294ade2a5670a9506413f81a7fda0ee7d4a3f52d6e3e566ddcf74873aba45df679f88fc915b6ceff655e3e5856b3a8803a1a7ea7f8598bbbc50ddddcf75535ab92775837593ea2c764ffe2fa347a4e8942276e5d265414698999fd1221c760483dfb27d0f949eadfea9b5d65f2962c4477a037beeb33a9dce0c41476bb7f381d966aa3968d35fc8beec449f7c50d7ae4a189cae07e15f1863152b1b470a91b0d12862729f53f0954613360d56ecf2a115cf2a0a85472aa8c119f3b5b65bb2a885d40b6a405c5eed3bea00910bad2533a948c72d53009d8651741d0816b9194aa83ba64582cbeb470308ba861535b5c80ac5b5c382727c019c9756d57e50b4f6cc6d5a7c38080eefff006b1142e602b4d3f537336d904d6a1b12d2eb40a641871077c89db7d9416da2f416b856001ef1df882764da97ae70393940d4798dd496458f832fdb68f2ff00c4c746c49199f4ecacf4eac2034b5cd703131890bcfe9ddbdaec13bad9e9da9b6a01d60b5db970d89d967d902b8c8d00a8763bf310ab9d7cd6139cc9307bcf093ea8a4cea0fea99227bfa0598ad70e73f3dcacfbaad28ad9a6fbdd3a821ed691c38023f55d65b5bc4fc0a67fe38fd1575bdbc8c133da76f63f54f65cb9a37ef91fdaccb2a945ea785718a68bcb3341b965bd10790c13e518fd61fb0207d02cd9bc3d42011db3eaa665dcef8fe52653bf33b986ba6837ad687dc5ebce667eaab2e6f1d30995af00312a375464f51326313b29ff000fceb2eae2a3f044e7171838dfc202abdcd746f944dbde02e25ce8e385155bd7c9e9123b27469451dec32d9ee0d8333dbb001535d5cb9bd42725276aa649320ed081bd7174b81c0cca7c6b12e42ad51ae6c9df7f554375b98d949745d248313dbf742b6e7b1dd5b5578b45bb37822949c536ad684ceb955288a72138a4ea984d2a1ab513a2b444e584555a10ce0a6a8e50b8aa22886c7a20e4946923c11a0cd2a46b946027342a9699ec9d743d46d7427174a6a60344acac55a59df42a86809cd9ec8e32c04d0d3bc946d2baeeb314ee211942ed1f7048d55adf2b06c387d564e85d655cdbde08c14125a3130fa96791856b6858d6f4b9d047ecab6dab879127e887754ea7f4f57789525901f191a7bd7b5d4e5870dedcf3eea81f752728ab86f4d1969279cf6545d72a39d651191b0d375190013b156f51ed7c440232300ac19be803a711ba2a86a0e2410e832a2b2b2b84b4bed5a94321a4074ce713bf7f7554cd48b5b04c91b083ee9cfb8a95096bb638311fa21b4fb77b5e5cf6188304c6f8524ab45d5cb0e547d4a83a890c0dee4c4cf6011d6d62d307af119ccf854daa6a93f2c0104e429ac353686c71281d650a65856a349bf9c9df6885ca6c8c35c1c371d8aa8af5c7f29ccd5a040002f2aceb9fe6117554190e6ff9f555f797220f6c26d7b819f5caa9ba7c84d855be49e7660dab5e06f2ab6bd7cca7bdb21015cf95a15d689277327f8f2a56fa2ad0e53d2ad09aebfa015dbe4b0ea11941dcb931f565445ebb186033b751c949c172538d44d44fa3524cea491e0bee4420274a6aeb555867b249f44d294a7b44a3cd07c0c29c2a42eb9a985ab8d34793266994f64850342943d791e0da6ef55676a08e0aa163cca328dc4234c24cd35913ca73adfe6c154f42eb94650d444c1d90ca3a1a91636da8741201919041d936eaa34c1640f4ee81a95298cc4cf694eb72c76d208f59952d901f0993d3ce3f753d839bd5f3980331ca80b4020c8f6d936f1ec23113c8fd8a8ac8165722c05f01509693d33b2ede6a05c23a88046ddd669ce20ce510dbd93bff009c29a5595c2c24ab6ee39ca885270de404efbe91f994379a8388895c516c3f5120b655f550dc323baa817b06095255b9c4828bd216ef4c30d570ee86ab59406b4f743d72991ac4cad1f52b1ec84a8e52851d56a7c52422526404a9692616a96935300522434d46e088cc280bb2b8827222714c2539c9851a42e4c52926a4ba2f4e02bb2989e1584cc7b4a785184f0e46900d0f057414c95d0e44060e7151929c5cb9840d1d43e93d10c842b52ea5d474b415024ea815736a14ff008d2bda7530937053e95c90708074a735e52e4864645e52aa5c37885d35a30554d1aa6774636e0770a69c0a6360439d2a10e82a2eb50d47a9dd6395a497559046b949ef5c15179430f3b344d2bbd69ae728dcbbda73bc95af4ea89b46929de0217e4eae41d8139ce4f731471caea38c88ae8724f5c6184c40684d17e20a82ab53e9384c95dacba91e6c1a570a7109a8c06c6c24bababc0e8f0c1c04e0d1c04925a18483dac1c0f0a5f86381e1249751c39d0381e122c1c0f0b892f33c77a0703c2e060e07849240787740e0784be18e07849242787060e0784ee81c0f0924bace8f0c1c0f0ba698e0784924275123298e0780a66531c0f012492e43512358381e1475298e0780ba92431c819f4c703c0503a98e0785d49033a47d0381e1398c1c0f09248584826830703c2551a38092496c6af049d03a761b20ebb470ba92f239206704d84924d400e014918492468e322704d84925d42c5d238492491827ffd9, 1);

-- --------------------------------------------------------

--
-- Table structure for table `product`
--

CREATE TABLE `product` (
  `product_id` int(10) NOT NULL,
  `product_name` varchar(30) NOT NULL,
  `category` varchar(15) NOT NULL
) ENGINE=InnoDB DEFAULT CHARSET=utf8mb4;

--
-- Dumping data for table `product`
--

INSERT INTO `product` (`product_id`, `product_name`, `category`) VALUES
(1, 'Apple', 'Fruit'),
(2, 'Mango', 'Fruit'),
(3, '7up', 'Drinks'),
(4, 'Mountain Dew', 'Drinks'),
(5, 'Lays Chilli', 'Snacks');

-- --------------------------------------------------------

--
-- Table structure for table `shop`
--

CREATE TABLE `shop` (
  `shop_id` int(10) NOT NULL,
  `shop_name` varchar(30) NOT NULL,
  `state` varchar(30) NOT NULL,
  `district` varchar(30) NOT NULL,
  `locality` varchar(30) NOT NULL,
  `seller_id` varchar(15) NOT NULL,
  `pincode` int(6) NOT NULL
) ENGINE=InnoDB DEFAULT CHARSET=utf8mb4;

--
-- Dumping data for table `shop`
--

INSERT INTO `shop` (`shop_id`, `shop_name`, `state`, `district`, `locality`, `seller_id`, `pincode`) VALUES
(1, 'Nanma', 'kerala', 'kozhikode', 'Mukkam', '98765432102', 673639),
(2, 'Tasty Bakes', 'Kerala', 'Malappuram', 'Areacode', '1121131145', 663634);

-- --------------------------------------------------------

--
-- Table structure for table `stock`
--

CREATE TABLE `stock` (
  `product_id` int(10) NOT NULL,
  `availability` int(11) NOT NULL,
  `buy_rate` float NOT NULL,
  `sell_rate` float NOT NULL,
  `shop_id` int(10) NOT NULL
) ENGINE=InnoDB DEFAULT CHARSET=utf8mb4;

--
-- Dumping data for table `stock`
--

INSERT INTO `stock` (`product_id`, `availability`, `buy_rate`, `sell_rate`, `shop_id`) VALUES
(1, 15, 30, 40, 1),
(1, 30, 40, 45, 2),
(2, 10, 35, 50, 1),
(3, 20, 30, 35, 1),
(3, 12, 30, 35, 2),
(4, 10, 30, 35, 2),
(5, 20, 7, 10, 2);

-- --------------------------------------------------------

--
-- Table structure for table `user`
--

CREATE TABLE `user` (
  `id` int(10) NOT NULL,
  `name` varchar(30) NOT NULL,
  `password` varchar(50) NOT NULL,
  `email` varchar(20) NOT NULL,
  `document` varchar(20) NOT NULL,
  `uniqueID` varchar(15) NOT NULL,
  `phone` varchar(10) NOT NULL,
  `cust_or_sell` varchar(1) NOT NULL,
  `balance` float NOT NULL DEFAULT 0
) ENGINE=InnoDB DEFAULT CHARSET=utf8mb4;

--
-- Dumping data for table `user`
--

INSERT INTO `user` (`id`, `name`, `password`, `email`, `document`, `uniqueID`, `phone`, `cust_or_sell`, `balance`) VALUES
(1, 'qwerty', 'Qwerty@123', 'qwert@g.com', 'Pan-card', '98765432102', '9876543210', 's', 0),
(2, 'raju', 'Raju@123', 'raju@g.com', 'Pan-card', '123456789098', '9876543212', 'c', 0),
(3, 'Muhammed', 'Muhd@123', 'muhd@g.com', 'pan-card', '1121131145', '9874322501', 's', 0);

-- --------------------------------------------------------

--
-- Table structure for table `virtual_order`
--

CREATE TABLE `virtual_order` (
  `order_id` int(10) NOT NULL,
  `customer_id` int(10) NOT NULL,
  `seller_id` int(10) NOT NULL,
  `transaction_id` int(10) NOT NULL
) ENGINE=InnoDB DEFAULT CHARSET=utf8mb4;

-- --------------------------------------------------------

--
-- Table structure for table `virtual_transaction`
--

CREATE TABLE `virtual_transaction` (
  `id` int(10) NOT NULL,
  `balance_customer` float NOT NULL,
  `balance_seller` float NOT NULL
) ENGINE=InnoDB DEFAULT CHARSET=utf8mb4;

--
-- Indexes for dumped tables
--

--
-- Indexes for table `image`
--
ALTER TABLE `image`
  ADD PRIMARY KEY (`img_id`);

--
-- Indexes for table `product`
--
ALTER TABLE `product`
  ADD PRIMARY KEY (`product_id`);

--
-- Indexes for table `shop`
--
ALTER TABLE `shop`
  ADD PRIMARY KEY (`shop_id`);

--
-- Indexes for table `stock`
--
ALTER TABLE `stock`
  ADD PRIMARY KEY (`product_id`,`shop_id`),
  ADD KEY `product_id` (`product_id`),
  ADD KEY `fk_shop_id` (`shop_id`);

--
-- Indexes for table `user`
--
ALTER TABLE `user`
  ADD PRIMARY KEY (`id`);

--
-- Indexes for table `virtual_transaction`
--
ALTER TABLE `virtual_transaction`
  ADD PRIMARY KEY (`id`);

--
-- AUTO_INCREMENT for dumped tables
--

--
-- AUTO_INCREMENT for table `image`
--
ALTER TABLE `image`
  MODIFY `img_id` int(10) NOT NULL AUTO_INCREMENT, AUTO_INCREMENT=2;

--
-- AUTO_INCREMENT for table `product`
--
ALTER TABLE `product`
  MODIFY `product_id` int(10) NOT NULL AUTO_INCREMENT, AUTO_INCREMENT=6;

--
-- AUTO_INCREMENT for table `shop`
--
ALTER TABLE `shop`
  MODIFY `shop_id` int(10) NOT NULL AUTO_INCREMENT, AUTO_INCREMENT=3;

--
-- AUTO_INCREMENT for table `user`
--
ALTER TABLE `user`
  MODIFY `id` int(10) NOT NULL AUTO_INCREMENT, AUTO_INCREMENT=4;

--
-- AUTO_INCREMENT for table `virtual_transaction`
--
ALTER TABLE `virtual_transaction`
  MODIFY `id` int(10) NOT NULL AUTO_INCREMENT;

--
-- Constraints for dumped tables
--

--
-- Constraints for table `stock`
--
ALTER TABLE `stock`
  ADD CONSTRAINT `fk_prod_id` FOREIGN KEY (`product_id`) REFERENCES `product` (`product_id`),
  ADD CONSTRAINT `fk_shop_id` FOREIGN KEY (`shop_id`) REFERENCES `shop` (`shop_id`);
COMMIT;

/*!40101 SET CHARACTER_SET_CLIENT=@OLD_CHARACTER_SET_CLIENT */;
/*!40101 SET CHARACTER_SET_RESULTS=@OLD_CHARACTER_SET_RESULTS */;
/*!40101 SET COLLATION_CONNECTION=@OLD_COLLATION_CONNECTION */;
